{"cameraMode":{"drawMode":0,"name":"Shaded","section":"Shading Mode"},"sceneLighting":true,"audioPlay":false,"sceneViewState":{"showFog":false,"showMaterialUpdate":false,"showSkybox":true,"showFlares":false,"showImageEffects":false,"showParticleSystems":false},"in2DMode":false,"pivot":{"x":6.282270908355713,"y":6.620222091674805,"z":4.985753059387207},"rotation":{"x":0.4582666754722595,"y":-0.3513510525226593,"z":0.2036563605070114,"w":0.790614902973175},"size":5.298772811889648,"orthographic":false}